{"cameraMode":{"drawMode":0,"name":"Shaded","section":"Shading Mode"},"sceneLighting":true,"audioPlay":false,"sceneViewState":{"showFog":false,"showMaterialUpdate":false,"showSkybox":false,"showFlares":false,"showImageEffects":false,"showParticleSystems":false},"in2DMode":false,"pivot":{"x":813.4906616210938,"y":155.41207885742188,"z":-276.3126220703125},"rotation":{"x":0.15713056921958924,"y":0.01776942051947117,"z":-0.002833050675690174,"w":0.9874236583709717},"size":2404.25927734375,"orthographic":false}