{"cameraMode":{"drawMode":0,"name":"Shaded","section":"Shading Mode"},"sceneLighting":true,"audioPlay":false,"sceneViewState":{"showFog":false,"showMaterialUpdate":false,"showSkybox":false,"showFlares":false,"showImageEffects":false,"showParticleSystems":false},"in2DMode":false,"pivot":{"x":2319.899658203125,"y":445.4502868652344,"z":196.552490234375},"rotation":{"x":0.03328812122344971,"y":-0.029984651133418084,"z":0.0009940826566889883,"w":0.9990061521530151},"size":3254.30859375,"orthographic":false}