{"cameraMode":{"drawMode":0,"name":"Shaded","section":"Shading Mode"},"sceneLighting":true,"audioPlay":false,"sceneViewState":{"showFog":false,"showMaterialUpdate":false,"showSkybox":false,"showFlares":false,"showImageEffects":false,"showParticleSystems":false},"in2DMode":false,"pivot":{"x":383.873291015625,"y":320.392578125,"z":63.40576171875},"rotation":{"x":0.022806771099567415,"y":0.004493445158004761,"z":-0.0001075521795428358,"w":0.999740481376648},"size":3254.30859375,"orthographic":false}