{"cameraMode":{"drawMode":0,"name":"Shaded","section":"Shading Mode"},"sceneLighting":true,"audioPlay":false,"sceneViewState":{"showFog":false,"showMaterialUpdate":false,"showSkybox":false,"showFlares":false,"showImageEffects":false,"showParticleSystems":false},"in2DMode":false,"pivot":{"x":-1080.897216796875,"y":197.59051513671876,"z":240.9012451171875},"rotation":{"x":0.08527141064405441,"y":0.09995695948600769,"z":-0.008602797985076905,"w":0.9913021922111511},"size":1895.6866455078125,"orthographic":false}