{"cameraMode":{"drawMode":0,"name":"Shaded","section":"Shading Mode"},"sceneLighting":true,"audioPlay":false,"sceneViewState":{"showFog":false,"showMaterialUpdate":false,"showSkybox":false,"showFlares":false,"showImageEffects":false,"showParticleSystems":false},"in2DMode":false,"pivot":{"x":383.4793701171875,"y":-104.05723571777344,"z":20.037841796875},"rotation":{"x":0.04978816956281662,"y":0.004488903563469648,"z":-0.00022882642224431038,"w":0.9987602829933167},"size":3254.30859375,"orthographic":false}