{"cameraMode":{"drawMode":0,"name":"Shaded","section":"Shading Mode"},"sceneLighting":true,"audioPlay":false,"sceneViewState":{"showFog":false,"showMaterialUpdate":false,"showSkybox":false,"showFlares":false,"showImageEffects":false,"showParticleSystems":false},"in2DMode":false,"pivot":{"x":-1185.845458984375,"y":-168.774169921875,"z":3.9950103759765627},"rotation":{"x":-0.0026893166359514,"y":0.03898496553301811,"z":0.00010055315942736343,"w":0.9992443323135376},"size":209.33799743652345,"orthographic":false}